Source,Date,Title,URL,Keywords,Text
"{'id': 'msnbc', 'name': 'MSNBC'}",2020-03-23T20:44:17Z,Democrats hold coronavirus stimulus over transparency and local funding,https://www.msnbc.com/mtp-daily/watch/trump-coronavirus-task-force-briefing-one-million-tests-have-been-conducted-81393733866,"['conducted', 'coronavirus', 'governors', 'cuomo', 'force', 'million', 'briefing', 'tests', 'task', 'charge', 'trump']",Cuomo: Governors are in charge because Trump put them in charge
"{'id': 'msnbc', 'name': 'MSNBC'}",2020-03-23T20:44:17Z,Democrats hold coronavirus stimulus over transparency and local funding,https://www.msnbc.com/msnbc/watch/quarantined-miami-mayor-on-decision-to-hold-florida-primary-amid-coronavirus-80888389825,"['coronavirus', 'decision', 'miami', 'pandemic', 'hold', 'quarantined', 'florida', 'amid', 'mayor', 'tested', 'suarez', 'primary', 'talks', 'states', 'primaries', 'positive']","Miami mayor Francis Suarez, who has tested positive for coronavirus, talks about his state's decision to hold primaries during the coronavirus pandemic."
"{'id': 'msnbc', 'name': 'MSNBC'}",2020-03-23T20:44:17Z,Democrats hold coronavirus stimulus over transparency and local funding,https://www.msnbc.com/stephanie-ruhle/watch/restaurant-industry-reeling-from-coronavirus-80967237571,"['coronavirus', 'ruhle', 'ross', 'weighing', 'reeling', 'stimulus', 'restaurant', 'struggling', 'white', 'sorkin', 'small', 'stephanie', 'industry']","Despite the massive stimulus package the White House is pitching that would help small businesses and individuals, the restaurant industry among several others are really struggling. Stephanie Ruhle breaks it down. Weighing in: Danny Meyer, Andrew Ross Sorkin, and Karen Mills."
"{'id': 'msnbc', 'name': 'MSNBC'}",2020-03-23T20:44:17Z,Democrats hold coronavirus stimulus over transparency and local funding,https://www.msnbc.com/ali-velshi/watch/new-data-on-coronavirus-vaccination-80666693884,"['coronavirus', 'velshi', 'process', 'united', 'lack', 'vaccination', 'data', 'tests', 'states', 'finding', 'discusses', 'vaccine', 'msnbcs']",MSNBC’s Ali Velshi discusses the lack of coronavirus tests in the United States and where the process is with finding a vaccine to combat COVID-19.
"{'id': 'msnbc', 'name': 'MSNBC'}",2020-03-23T20:44:17Z,Democrats hold coronavirus stimulus over transparency and local funding,https://www.msnbc.com/the-beat-with-ari/watch/secrets-to-combating-coronavirus-stress-81401925515,"['right', 'coronavirus', 'tony', 'project', 'rimoin', 'stress', 'schwartz', 'pandemic', 'combating', 'ucla', 'specific', 'secrets', 'msnbcs']","Many are grappling with additional stress and anxiety during the coronavirus pandemic. UCLA Dr. Anne Rimoin and Energy Project CEO Tony Schwartz discuss how to cope, including specific actions people can take at home right now, in this interview with MSNBC’s Ari Melber."
"{'id': 'msnbc', 'name': 'MSNBC'}",2020-03-23T20:44:17Z,Democrats hold coronavirus stimulus over transparency and local funding,https://www.msnbc.com/deadline-white-house/watch/trump-s-revisionist-history-on-coronavirus-81503301907,"['coronavirus', 'history', 'scope', 'public', 'severity', 'downplaying', 'pandemic', 'president', 'weeks', 'trumps', 'revisionist', 'levels', 'trump']","After weeks of downplaying coronavirus, President Trump levels with the public on the scope and severity of the pandemic"
"{'id': 'msnbc', 'name': 'MSNBC'}",2020-03-23T20:44:17Z,Democrats hold coronavirus stimulus over transparency and local funding,https://www.msnbc.com/ali-velshi/watch/delaying-primaries-due-to-coronavirus-80683589921,"['york', 'coronavirus', 'velshi', 'presidential', 'msnbcs', 'race', 'sirius', 'obeidallah', 'primaries', 'raines', 'times', 'delaying', 'xms']","MSNBC’s Ali Velshi discusses the effects of the coronavirus on the 2020 presidential race with Sirius XM’s Danielle Moodie-Mills, Howell Raines, former executive editor of The New York Times, and Daily Beast columnist Dean Obeidallah."
"{'id': 'msnbc', 'name': 'MSNBC'}",2020-03-23T20:44:17Z,Democrats hold coronavirus stimulus over transparency and local funding,https://www.msnbc.com/msnbc/watch/mcconnell-says-congress-has-enormous-role-to-play-in-coronavirus-response-80914501889,"['coronavirus', 'mcconnell', 'sen', 'rky', 'vote', 'senate', 'role', 'congress', 'relief', 'enormous', 'spoke', 'response', 'play']","Sen. Mitch McConnell, R-Ky., spoke on the Senate floor about a vote on a coronavirus relief bill that has passed the House. He said that Congress had an ""enormous role to play"" in the nation's coronavirus response."
"{'id': 'msnbc', 'name': 'MSNBC'}",2020-03-23T20:44:17Z,Democrats hold coronavirus stimulus over transparency and local funding,https://www.msnbc.com/msnbc/watch/fed-cuts-interest-rates-and-trump-is-very-happy-80691269804,"['rates', 'coronavirus', 'zero', 'plans', 'cuts', 'task', 'slashing', 'fed', 'pandemic', 'president', 'interest', 'kicks', 'happy', 'trump']",President Trump kicks off his coronavirus task force briefing commenting on breaking news that the Fed is slashing interest rates to close to zero and plans to boost assets to fight coronavirus pandemic.
"{'id': 'msnbc', 'name': 'MSNBC'}",2020-03-23T20:44:17Z,Democrats hold coronavirus stimulus over transparency and local funding,https://www.msnbc.com/am-joy/watch/coronavirus-social-distancing-promoted-by-rob-reiner-max-brooks-81079365571,"['coronavirus', 'social', 'reiner', 'promoted', 'actor', 'distancing', 'rob', 'max', 'reid', 'joy', 'brooks', 'using']","Coronavirus social distancing is promoted by director, actor and activist Rob Reiner and actor and author Max Brooks--who also discuss using comedy to cope with coronavirus--in conversation with Joy Reid."
"{'id': 'msnbc', 'name': 'MSNBC'}",2020-03-23T20:44:17Z,Democrats hold coronavirus stimulus over transparency and local funding,https://www.msnbc.com/msnbc/watch/trump-thanks-google-who-now-says-they-are-building-coronavirus-website-80691269746,"['coronavirus', 'thanks', 'google', 'building', 'national', 'week', 'president', 'task', 'website', 'remarks', 'substantiated', 'trump']","At his coronavirus task force briefing, President Trump thanks the people at Google who ""substantiated"" his remarks last week where he said the company was building a national coronavirus website."
"{'id': 'msnbc', 'name': 'MSNBC'}",2020-03-23T20:44:17Z,Democrats hold coronavirus stimulus over transparency and local funding,http://www.msnbc.com/the-beat-with-ari/watch/coronavirus-cure-hear-from-top-scientist-who-spent-years-devising-cure-for-covid-19-80730181693,"['scientist', 'cure', 'secret', 'coronaviruses', 'worldrenowned', 'windowless', 'university', 'uncs', 'ucla', 'spent', 'searching', 'hear', 'working', 'team']","A team of scientists at the University of North Carolina’s preeminent research lab, have been searching for a cure for coronaviruses, working in a ""windowless air-locked laboratory in a secret location."" World-renowned coronavirus expert Ralph Baric, professor at UNC’s Department of Microbiology and Immunology, joins Ari Melber on the search for a COVID-19 cure. Anne Rimoin, epidemiologist at UCLA, also discusses the groundbreaking clinical developments in the race to fight the global pandemic."
"{'id': 'msnbc', 'name': 'MSNBC'}",2020-03-23T20:44:17Z,Democrats hold coronavirus stimulus over transparency and local funding,http://www.msnbc.com/am-joy/watch/coronavirus-coverage-on-fox-news-deemed-false-harmful-by-experts-80689733567,"['say', 'coronavirus', 'experts', 'susceptible', 'older', 'largely', 'harmful', 'misleading', 'coverage', 'reid', 'deemed', 'fox', 'joy', 'panel', 'false']","Coronavirus coverage on Fox News is false and misleading, experts say. Joy Reid and her panel discuss the impact this could have on the largely older Fox News audience, which could therefore be more susceptible to the coronavirus."
"{'id': 'msnbc', 'name': 'MSNBC'}",2020-03-23T20:44:17Z,Democrats hold coronavirus stimulus over transparency and local funding,http://www.msnbc.com/rachel-maddow/watch/recovering-from-coronavirus-goldman-describes-testing-ordeal-80758853942,"['coronavirus', 'symptoms', 'describes', 'maddow', 'novel', 'rachel', 'obtaining', 'majority', 'recovering', 'test', 'talks', 'testing', 'ordeal', 'inquiry', 'goldman']","Daniel Goldman, former House Impeachment Inquiry majority counsel, talks with Rachel Maddow about the difficulty he had obtaining a coronavirus test to confirm that the symptoms he he had were from the novel coronavirus."
"{'id': 'msnbc', 'name': 'MSNBC'}",2020-03-23T20:44:17Z,Democrats hold coronavirus stimulus over transparency and local funding,https://www.msnbc.com/morning-joe/watch/dem-candidates-debate-amid-coronavirus-outbreak-80708677536,"['coronavirus', 'joe', 'sanders', 'candidates', 'virus', 'latest', 'night', 'dem', 'focused', 'debate', 'amid', 'large', 'outbreak', 'response', 'panel']","Amid the coronavirus outbreak, Joe Biden and Bernie Sanders debated Sunday night without an audience in the latest 2020 Democratic debate, which focused in large part on virus response. The panel discusses."
"{'id': 'msnbc', 'name': 'MSNBC'}",2020-03-23T20:44:17Z,Democrats hold coronavirus stimulus over transparency and local funding,https://www.msnbc.com/morning-joe/watch/u-s-declares-state-of-emergency-over-coronavirus-80703557529,"['spread', 'coronavirus', 'emergency', 'latest', 'declares', 'state', 'reducing', 'rate', 'public', 'mika', 'leading', 'updates', 'officials', 'infection']","Mika Brzezinski has the latest updates on the spread of the coronavirus, the advice from leading public health officials on reducing infection, the infection rate in the U.S. and Europe and the chaos at airports."
"{'id': 'msnbc', 'name': 'MSNBC'}",2020-03-23T20:44:17Z,Democrats hold coronavirus stimulus over transparency and local funding,http://www.msnbc.com/morning-joe/watch/how-coronavirus-is-complicating-the-2020-census-80796741934,"['2020', 'coronavirus', 'urban', 'joe', 'national', 'complicating', 'discuss', 'morial', 'joins', 'census', 'marc', 'league', 'morning']",Marc Morial of the National Urban League joins Morning Joe to discuss how the coronavirus is complicating the 2020 Census.
"{'id': 'msnbc', 'name': 'MSNBC'}",2020-03-23T20:44:17Z,Democrats hold coronavirus stimulus over transparency and local funding,https://www.msnbc.com/stephanie-ruhle/watch/rural-hospitals-concerned-by-coronavirus-surge-81489989577,"['coronavirus', 'underfunded', 'ruhle', 'spreading', 'rural', 'hospitals', 'surge', 'hospital', 'richard', 'president', 'joins', 'stephanie', 'concerned', 'jefferson']",Coronavirus is spreading through America's heartland. Jefferson County Hospital President Richard Gillespie joins Stephanie Ruhle to discuss the new challenges for already under-funded hospitals.
"{'id': 'msnbc', 'name': 'MSNBC'}",2020-03-23T20:44:17Z,Democrats hold coronavirus stimulus over transparency and local funding,https://www.msnbc.com/katy-tur/watch/retirees-returning-to-help-hospitals-treat-coronavirus-81299013659,"['york', 'coronavirus', 'vossoughian', 'hospitals', 'retirement', 'treat', 'president', 'yasmin', 'help', 'medicine', 'salerno', 'returning', 'joins', 'retirees', 'judith']",President of the New York Academy of Medicine Dr. Judith Salerno joins Yasmin Vossoughian to discuss why she is coming out of her retirement to help fight the coronavirus.
"{'id': 'msnbc', 'name': 'MSNBC'}",2020-03-23T20:44:17Z,Democrats hold coronavirus stimulus over transparency and local funding,http://www.msnbc.com/rachel-maddow/watch/coronavirus-is-over-if-you-want-it-81124933838,"['york', 'coronavirus', 'stringent', 'spread', 'science', 'say', 'rachel', 'reporter', 'talks', 'times', 'prevent']","Donald McNeil, science and health reporter for the New York Times, talks with Rachel Maddow about the stringent measures experts say are necessary to prevent the spread of the coronavirus and end the pandemic, and whether such communal diligence is too much to ask."
"{'id': 'msnbc', 'name': 'MSNBC'}",2020-03-23T20:44:17Z,Democrats hold coronavirus stimulus over transparency and local funding,https://www.msnbc.com/ali-velshi/watch/coronavirus-brings-looming-crisis-for-nations-prisons-81303621879,"['coronavirus', 'velshi', 'looming', 'nations', 'prisons', 'brings', 'crisis', 'joins', 'vance', 'msnbc', 'joyce', 'outbreaks', 'prosecutor', 'jails', 'prevent']","Former Federal Prosecutor and MSNBC Contributor, Joyce Vance, joins Ali Velshi to discuss what can be done to prevent dangerous outbreaks in our more than 6,000 prisons and jails."
"{'id': 'msnbc', 'name': 'MSNBC'}",2020-03-23T20:44:17Z,Democrats hold coronavirus stimulus over transparency and local funding,https://www.msnbc.com/msnbc/watch/trump-signs-first-coronavirus-aid-bill-80960581560,"['coronavirus', 'sick', 'economic', 'signed', 'unemployment', 'widespread', 'bill', 'paid', 'president', 'signs', 'aid', 'testing', 'trump']","President Trump signed a $100 billion bill aimed at mitigating the economic fallout of coronavirus. It guarantees paid sick leave and free coronavirus testing, and adds funding for Medicaid, unemployment benefits and food aid. It comes amid fears of widespread economic devastation caused by COVID-19."
"{'id': 'msnbc', 'name': 'MSNBC'}",2020-03-23T20:44:17Z,Democrats hold coronavirus stimulus over transparency and local funding,https://www.msnbc.com/morning-joe/watch/disconnect-from-scientists-trump-on-coronavirus-continues-80702533960,"['telling', 'coronavirus', 'seemingly', 'public', 'severity', 'continues', 'disconnect', 'necessary', 'push', 'officials', 'wh', 'scientists', 'stricter', 'trump', 'panel']","As public health officials and the CDC are telling Americans that stricter measures are necessary to push back against the coronavirus, the WH and some GOP members are causing confusion and seemingly downplaying the severity. The panel discusses."
"{'id': 'msnbc', 'name': 'MSNBC'}",2020-03-23T20:44:17Z,Democrats hold coronavirus stimulus over transparency and local funding,https://www.msnbc.com/mtp-daily/watch/new-orleans-crosses-1-000-coronavirus-cases-81303109820,"['director', 'crosses', 'coronavirus', 'emergency', 'collin', 'city', 'state', 'orleans', '1000', 'preparedness', 'homeland', 'cases', 'security']","Collin Arnold, New Orleans Director of Homeland Security and Emergency Preparedness on the state of coronavirus cases in the city."
"{'id': 'msnbc', 'name': 'MSNBC'}",2020-03-23T20:44:17Z,Democrats hold coronavirus stimulus over transparency and local funding,https://www.msnbc.com/msnbc/watch/mcconnell-advocates-for-larger-coronavirus-relief-bill-80841797582,"['coronavirus', 'mcconnell', 'sen', 'rky', 'bill', 'senate', 'needed', 'relief', 'passed', 'advocates', 'larger', 'mitch', 'response']","Sen. Mitch McConnell, R-Ky., announced that the Senate would move forward with the coronavirus relief bill the House had passed, but advocated that a larger response would be needed."
"{'id': 'msnbc', 'name': 'MSNBC'}",2020-03-23T20:44:17Z,Democrats hold coronavirus stimulus over transparency and local funding,https://www.msnbc.com/11th-hour/watch/trump-shifts-coronavirus-response-responsibility-to-states-81405509799,"['coronavirus', 'nears', 'lead', 'toll', 'politico', 'way', 'white', 'pandemic', 'states', 'push', 'nation', 'response', 'trump', 'leaves']","Nancy Cook of POLITICO discusses the response to the coronavirus pandemic from the Trump White House as states across the nation push the federal government to do more as the U.S. death toll nears 3,000."
"{'id': 'msnbc', 'name': 'MSNBC'}",2020-03-23T20:44:17Z,Democrats hold coronavirus stimulus over transparency and local funding,http://www.msnbc.com/weekends-with-alex-witt/watch/italy-s-coronavirus-death-toll-surpasses-10-000-81334341703,"['surpasses', 'coronavirus', 'death', 'number', 'toll', 'italys', 'reports', 'rise', 'patients', '10000', 'matt', 'msnbcs']","MSNBC's Matt Bradley reports on the rise in the death toll of Italy's coronavirus patients as the number surpasses 10,000 people."
"{'id': 'msnbc', 'name': 'MSNBC'}",2020-03-23T20:44:17Z,Democrats hold coronavirus stimulus over transparency and local funding,https://www.msnbc.com/katy-tur/watch/congressman-speaks-out-about-coronavirus-diagnosis-80983621960,"['update', 'coronavirus', 'selfquarantine', 'speaks', 'congressman', 'reached', 'tur', 'rep', 'diagnosis', 'lawmakers', 'positive', 'officially', 'testing', 'utah']","The coronavirus has officially reached Congress with two lawmakers testing positive. One of those lawmakers, Utah Rep. Ben McAdams, joins Katy Tur with an update from self-quarantine."
"{'id': 'msnbc', 'name': 'MSNBC'}",2020-03-23T20:44:17Z,Democrats hold coronavirus stimulus over transparency and local funding,https://www.msnbc.com/ali-velshi/watch/velshi-on-fact-checking-your-coronavirus-fears-80684101623,"['velshi', 'fears', 'coronavirus', 'let', 'science', 'doctors', 'comes', 'factchecking', 'listen', 'prevail', 'msnbcs']","MSNBC’s Ali Velshi on why we should let science prevail, listen to doctors, and not let our fears get the best of us when it comes to coronavirus."
"{'id': 'msnbc', 'name': 'MSNBC'}",2020-03-23T20:44:17Z,Democrats hold coronavirus stimulus over transparency and local funding,https://www.msnbc.com/msnbc/watch/senate-votes-to-pass-coronavirus-relief-bill-80932421733,"['coronavirus', 'pass', 'sign', 'sent', 'bill', 'senate', 'president', 'relief', 'passed', 'votes', 'plan', 'trump']",The Senate has passed a coronavirus relief plan that will now be sent to President Trump to sign.
"{'id': 'msnbc', 'name': 'MSNBC'}",2020-03-23T20:44:17Z,Democrats hold coronavirus stimulus over transparency and local funding,https://www.msnbc.com/craig-melvin/watch/restarting-life-depends-on-coronavirus-testing-81760325600,"['return', 'coronavirus', 'virus', 'physician', 'melvin', 'life', 'work', 'depends', 'roy', 'medicine', 'potentially', 'testing', 'restarting', 'msnbcs']","Internal medicine physician, Dr. Lipi Roy, joins MSNBC's Craig Melvin to explain how testing is essential to identifying those who could be potentially immune to the virus and thus, potentially able to return to work."
"{'id': 'msnbc', 'name': 'MSNBC'}",2020-03-23T20:44:17Z,Democrats hold coronavirus stimulus over transparency and local funding,https://www.msnbc.com/morning-joe/watch/lady-gaga-announces-coronavirus-benefit-concert-81830981901,"['coronavirus', 'special', 'benefit', 'announces', 'oneandonly', 'starstudded', 'pepsicos', 'lady', 'gaga', 'world', 'rometty', 'response', 'partnering', 'concert', 'tanner']","The one-and-only Lady Gaga is partnering with the WHO and Global Citizen for the 'One World: Together At Home' star-studded, April 18 concert special for the U.N. Foundation's COVID-19 Response Fund. Gaga along with IBM's Ginny Rometty and PepsiCo's Kirk Tanner discuss."
"{'id': 'msnbc', 'name': 'MSNBC'}",2020-03-23T20:44:17Z,Democrats hold coronavirus stimulus over transparency and local funding,https://www.msnbc.com/ali-velshi/watch/velshi-on-coronavirus-it-s-critical-that-we-keep-getting-the-right-info-80666693876,"['right', 'velshi', 'coronavirus', 'governors', 'cuomo', 'getting', 'critical', 'info', 'charge', 'trump']",Cuomo: Governors are in charge because Trump put them in charge
"{'id': 'msnbc', 'name': 'MSNBC'}",2020-03-23T20:44:17Z,Democrats hold coronavirus stimulus over transparency and local funding,https://www.msnbc.com/katy-tur/watch/connecticut-virus-cases-near-2k-with-over-30-deaths-81387589995,"['cuomo', '2k', 'governors', 'virus', 'near', 'charge', 'deaths', '30', 'connecticut', 'cases', 'trump']",Cuomo: Governors are in charge because Trump put them in charge
"{'id': 'msnbc', 'name': 'MSNBC'}",2020-03-23T20:44:17Z,Democrats hold coronavirus stimulus over transparency and local funding,https://www.msnbc.com/deadline-white-house/watch/trump-attacks-world-health-organization-for-coronavirus-response-81800261812,"['coronavirus', 'attacks', 'death', 'blame', 'toll', 'world', 'organization', 'shift', 'health', 'rises', 'response', 'trump']",Trump attempts to shift blame to the World Health Organization as the coronavirus death toll rises
"{'id': 'msnbc', 'name': 'MSNBC'}",2020-03-23T20:44:17Z,Democrats hold coronavirus stimulus over transparency and local funding,http://www.msnbc.com/mtp-daily/watch/nyc-warned-of-possible-shelter-in-place-order-as-efforts-to-fight-coronavirus-intensify-80861765587,"['coronavirus', 'intensify', 'mitigating', 'order', 'possible', 'zeke', 'impact', 'emanuel', 'shelter', 'place', 'fight', 'discusses', 'efforts', 'dr', 'warned', 'nyc']",Dr. Zeke Emanuel discusses the impact of a possible shelter in place for mitigating the coronavirus.
"{'id': 'msnbc', 'name': 'MSNBC'}",2020-03-23T20:44:17Z,Democrats hold coronavirus stimulus over transparency and local funding,https://www.msnbc.com/mtp-daily/watch/acting-navy-secretary-resigns-after-rebuking-captain-who-raised-coronavirus-concerns-81750597702,"['cuomo', 'coronavirus', 'governors', 'navy', 'secretary', 'resigns', 'raised', 'captain', 'rebuking', 'concerns', 'acting', 'charge', 'trump']",Cuomo: Governors are in charge because Trump put them in charge
"{'id': 'msnbc', 'name': 'MSNBC'}",2020-03-23T20:44:17Z,Democrats hold coronavirus stimulus over transparency and local funding,https://www.msnbc.com/mtp-daily/watch/hoboken-under-curfew-san-francisco-issues-stay-at-home-order-80726085818,"['coronavirus', 'governors', 'francisco', 'order', 'united', 'protect', 'measures', 'san', 'curfew', 'issues', 'stay', 'states', 'hoboken', 'drastic', 'residents', 'mayors']","Governors, mayors across the United States take drastic measures to protect residents against the coronavirus."
"{'id': 'msnbc', 'name': 'MSNBC'}",2020-03-23T20:44:17Z,Democrats hold coronavirus stimulus over transparency and local funding,http://www.msnbc.com/mtp-daily/watch/mayor-u-s-is-going-through-three-pearl-harbor-attacks-at-the-same-time-81158213643,"['teaneck', 'coronavirus', 'attacks', 'state', 'going', 'jersey', 'surge', 'harbor', 'mayor', 'pearl', 'cases', 'hameeduddin', 'mohammed']","Mayor of Teaneck, New Jersey, Mohammed Hameeduddin on the surge of coronavirus cases in the state."
"{'id': 'msnbc', 'name': 'MSNBC'}",2020-03-23T20:44:17Z,Democrats hold coronavirus stimulus over transparency and local funding,https://www.msnbc.com/mtp-daily/watch/dr-vin-gupta-we-don-t-have-enough-swabs-for-covid-19-testing-81559109622,"['coronavirus', 'essential', 'swabs', 'dont', 'vin', 'testing', 'test', 'gupta', 'covid19', 'dr']","Dr. Vin Gupta says ""we don't have enough swabs"" for essential coronavirus test."
"{'id': 'msnbc', 'name': 'MSNBC'}",2020-03-23T20:44:17Z,Democrats hold coronavirus stimulus over transparency and local funding,https://www.msnbc.com/katy-tur/watch/indiana-doctor-on-battling-coronavirus-in-his-state-81610309751,"['cuomo', 'doctor', 'battling', 'coronavirus', 'governors', 'state', 'indiana', 'charge', 'trump']",Cuomo: Governors are in charge because Trump put them in charge
"{'id': 'msnbc', 'name': 'MSNBC'}",2020-03-23T20:44:17Z,Democrats hold coronavirus stimulus over transparency and local funding,https://www.msnbc.com/stephanie-ruhle/watch/mother-speaks-out-about-losing-her-daughter-to-coronavirus-after-she-helped-the-elderly-81834053969,"['shepherd', 'coronavirus', 'speaks', 'ruhle', 'palsy', 'share', 'daughter', 'working', 'mother', 'losing', 'helped', 'outbreak', 'elderly', 'stephanie', 'zenobia', 'store']","Leilani Jordan was a grocery store clerk with cerebral palsy who kept working through the coronavirus outbreak to help the elderly. She died of coronavirus in her mother's arms. Her mother, Zenobia Shepherd joins Stephanie Ruhle to share her daughter's story."
"{'id': 'msnbc', 'name': 'MSNBC'}",2020-03-23T20:44:17Z,Democrats hold coronavirus stimulus over transparency and local funding,https://www.msnbc.com/stephanie-ruhle/watch/ri-governor-on-federal-help-to-fight-coronavirus-81142341634,"['doing', 'coronavirus', 'ruhle', 'ri', 'state', 'thinks', 'rise', 'raimondo', 'governor', 'help', 'fight', 'federal', 'stephanie', 'shes', 'rhode']","As positive cases of coronavirus in America continue to rise, Rhode Island Governor Gina Raimondo joins Stephanie Ruhle to discuss what she's doing in her state to fight coronavirus and what she thinks the federal government should be doing to help."
"{'id': 'msnbc', 'name': 'MSNBC'}",2020-03-23T20:44:17Z,Democrats hold coronavirus stimulus over transparency and local funding,https://www.msnbc.com/am-joy/watch/coronavirus-outbreak-s-impact-on-low-wage-hourly-workers-80669253648,"['coronavirus', 'saying', 'hourly', 'rep', 'pandemic', 'outbreak', 'impact', 'reid', 'peeled', 'workers', 'lowwage', 'outbreaks', 'things']","The Coronavirus outbreak is deeply impacting low-wage and hourly workers. Former U.S. Rep. Donna Edwards joins Joy Reid to discuss saying, ‘One of the things this coronavirus pandemic has helped us see is, it’s peeled back the onion of the low-wage economy.’"
"{'id': 'msnbc', 'name': 'MSNBC'}",2020-03-23T20:44:17Z,Democrats hold coronavirus stimulus over transparency and local funding,https://www.msnbc.com/ali-velshi/watch/rep-velazquez-self-isolating-after-showing-coronavirus-symptoms-81389637553,"['coronavirus', 'selfisolating', 'took', 'tweeted', 'washington', 'week', 'rep', 'velazquez', 'showing', 'spoke', 'symptoms']","Rep. Nydia Velazquez, D-N.Y., tweeted that she was diagnosed with a presumed case of coronavirus and says her symptoms are mild. She is self-isolating at home after being in Washington last week. Velazquez spoke on the House floor during the debate on the coronavirus relief package and took part in the ceremony after with congressional leaders."
"{'id': 'msnbc', 'name': 'MSNBC'}",2020-03-23T20:44:17Z,Democrats hold coronavirus stimulus over transparency and local funding,https://www.msnbc.com/msnbc/watch/white-house-projects-up-to-240-000-deaths-from-coronavirus-as-supply-deficits-continue-81478213989,"['continue', 'coronavirus', 'say', 'task', 'projection', 'deaths', 'supply', 'white', 'workers', 'theres', 'deficits', 'protective', 'tuesdays', 'ventilators', 'tests', 'house', 'projects', '240000']","Tuesday’s Coronavirus task force briefing delivered the most detailed government projection yet about how many people in the U.S. could die from the coronavirus pandemic. This is happening as medical workers continue to say there’s not enough protective equipment like masks, or tests, or ventilators."
"{'id': 'msnbc', 'name': 'MSNBC'}",2020-03-23T20:44:17Z,Democrats hold coronavirus stimulus over transparency and local funding,http://www.msnbc.com/am-joy/watch/coronavirus-quarantine-in-italy-described-by-american-there-80687173752,"['coronavirus', 'lives', 'near', 'quarantine', 'lockdown', 'described', 'spreads', 'reid', 'american', 'outbreak', 'joy', 'italy']","The coronavirus quarantine in Italy is described by an American who lives there, and her Italian cohabitant, who are on lockdown near Florence. They describe in conversation with Joy Reid the circumstances that could come to the U.S. as the coronavirus outbreak spreads."
"{'id': 'msnbc', 'name': 'MSNBC'}",2020-03-23T20:44:17Z,Democrats hold coronavirus stimulus over transparency and local funding,https://www.msnbc.com/rachel-maddow/watch/idaho-governor-neglects-to-set-statewide-coronavirus-rules-81124933835,"['spread', 'coronavirus', 'towns', 'idaho', 'state', 'statewide', 'rules', 'maddow', 'rise', 'rachel', 'points', 'governor', 'neglects', 'set', 'taking']","Rachel Maddow points out that despite a rise in new cases of coronavirus and an anticipated hospital crisis in his state, Idaho Governor Brad Little is not taking statewide action, leaving local cities and towns to deal with the spread of coronavirus on their own."
"{'id': 'msnbc', 'name': 'MSNBC'}",2020-03-23T20:44:17Z,Democrats hold coronavirus stimulus over transparency and local funding,https://www.msnbc.com/msnbc/watch/-we-re-scared-cancer-patient-describes-hospital-visits-amid-coronavirus-outbreak-81079877719,"['coronavirus', 'visits', 'patient', 'worse', 'describes', 'scared', 'treatment', 'speaks', 'possibly', 'cancer', 'undergo', 'hospital', 'amid', 'whats', 'outbreak', 'sheetal', 'sheth']","Sheetal Sheth speaks about what it's like to undergo treatment for breast cancer amidst the coronavirus outbreak. ""We're having to decide what's worse for us, coronavirus or the cancer, every time we go into the hospital, as you mentioned, we're immunocompromised, and we're possibly being exposed."""
"{'id': 'msnbc', 'name': 'MSNBC'}",2020-03-23T20:44:17Z,Democrats hold coronavirus stimulus over transparency and local funding,http://www.msnbc.com/morning-joe/vaping-one-the-best-ways-trash-your-lungs-and-maybe-die-if-you-catch-coronavirus,"['coronavirus', 'risk', 'virus', 'maybe', 'catch', 'lung', 'susceptible', 'md', 'medical', 'lungs', 'die', 'ways', 'trash', 'vaping', 'best', 'covid19', 'young']","By Dr. Dave Campbell, Morning Joe Chief Medical Correspondent/ MSNBC,

Leslie Diaz, M.D. Infectious Disease Medical Director for Foundcare AND Chair of Infection Control-Palm Beach Gardens Medical Center

The United States is one to three weeks from the exponential increase in infections caused by the unprecedented Coronavirus infecting and overwhelming our healthcare system. The message millennials across the United States hear about their risk for COVID-19 has gone unheeded and created a cavalier attitude. They believe they are invincible and impervious to the virus.

They have heard no one under the age of 19 dying from the Coronavirus. This emboldens them further. They do not take it seriously when their family members tell them that they need to adhere to social distancing. There may be a lack of knowledge on the Coronavirus incubation period. They have been told to avoid catching the virus, so they do not infect their older family members who are more susceptible to the deadly ravages the virus can cause.

There is another dangerous habit that is common among many young people and that is vaping. Vaping injures the lung tissues; they may not even be aware of the long-term health consequences of vaping. They have not heard of any possible correlation to whether or not vaping increases their risk of severe forms of COVID-19. There are so many unknowns about the virus that only time will give us the answers as we further study this dangerous virus.

“Teens and young adults that use e-cigarettes may not be aware of the damage caused to their lung tissue,” Rogelio Choy, M.D., Pulmonary Specialist in Palm Beach County said. “They are more susceptible to horrendous complications from COVID-19. Inhaling any kind of substance irritates and inflames lung tissue. Vaping makes you more susceptible to a myriad of lung diseases.”

“Young adults and teens who vape will not only be at increased risk for COVID-19 infection, but intensity of presentation will be worse,” Ken Fuquay, M.D., Pulmonary Specialist in Palm Beach County said. “Vaping causes interstitial lung disease and is additive to any toxicity from the virus. This is already reflected by the higher mortality in VZV Pneumonitis, encountered in smokers.”

Parents, your teen or child who is ‘all grown up’ will not read this. It will be your responsibility to track down your loved one and politely ask for their JUUL. Once you have it in your hand, it will be your responsibility to destroy it and convince them it’s a matter of life and death. If they want to buy another, that may be beyond your control. If this style of parenting does not work for you, then come up with another safe and effective method of stopping their vaping habit.

If you are successful, then deal with the consequences of nicotine withdrawal sure to follow. Have your child Google ‘nicotine withdrawal’ to learn what they are about to undergo.

You may save their life.

Teens and young adults, Stop Vaping Now. It is not about protecting grandma or grandpa from the Coronavirus. The life you save may be your own."
"{'id': 'msnbc', 'name': 'MSNBC'}",2020-03-23T20:44:17Z,Democrats hold coronavirus stimulus over transparency and local funding,https://www.msnbc.com/msnbc/watch/trump-wants-to-begin-opening-up-our-country-despite-coronavirus-outbreak-81117765700,"['coronavirus', 'doubling', 'begin', 'despite', 'president', 'idea', 'country', 'outbreak', 'wants', 'opening', 'trump']",President Trump is doubling down on the idea of ‘opening up our country’ despite the coronavirus outbreak.
"{'id': 'msnbc', 'name': 'MSNBC'}",2020-03-23T20:44:17Z,Democrats hold coronavirus stimulus over transparency and local funding,https://www.msnbc.com/msnbc/watch/coronavirus-death-toll-in-italy-officially-surpasses-china-80977477856,"['surpasses', 'coronavirus', 'death', 'china', 'virus', '3400', 'toll', 'died', 'surpassing', 'officially', 'italy']","Over 3,400 people have died from the coronavirus in Italy, officially surpassing the death toll from the virus in China."
"{'id': 'msnbc', 'name': 'MSNBC'}",2020-03-23T20:44:17Z,Democrats hold coronavirus stimulus over transparency and local funding,https://www.msnbc.com/all-in/watch/murdochs-failed-to-rein-in-fox-news-hoax-narrative-amid-coronavirus-nyt-81120837826,"['york', 'coronavirus', 'hoax', 'media', 'murdochs', 'dangers', 'downplaying', 'failed', 'pandemic', 'amid', 'fox', 'talks', 'hayes', 'nyt', 'rein', 'times', 'narrative', 'smith']",Chris Hayes talks to New York Times columnist Ben Smith about the dangers of the media downplaying the coronavirus pandemic.
"{'id': 'msnbc', 'name': 'MSNBC'}",2020-03-23T20:44:17Z,Democrats hold coronavirus stimulus over transparency and local funding,https://www.msnbc.com/deadline-white-house/watch/sen-gillibrand-we-are-going-to-recover-81205829852,"['gillibrand', 'rest', 'coronavirus', 'latest', 'state', 'sen', 'going', 'kirsten', 'effecting', 'recover', 'country', 'discusses']",Sen. Kirsten Gillibrand discusses the latest on how coronavirus is effecting her state and the rest of the country
"{'id': 'msnbc', 'name': 'MSNBC'}",2020-03-23T20:44:17Z,Democrats hold coronavirus stimulus over transparency and local funding,https://www.msnbc.com/msnbc/watch/coronavirus-gov-cuomo-announces-closure-of-playgrounds-in-new-york-city-81492549643,"['york', 'playgrounds', 'coronavirus', 'cuomo', 'city', 'announces', 'announced', 'gov', 'governor', 'briefing', 'closure', 'andrew', 'close']",New York Governor Andrew Cuomo announced at a coronavirus briefing on Wednesday that New York City playgrounds will close down.
"{'id': 'msnbc', 'name': 'MSNBC'}",2020-03-23T20:44:17Z,Democrats hold coronavirus stimulus over transparency and local funding,https://www.msnbc.com/11th-hour/watch/atlanta-residents-who-live-above-a-hospital-cheer-medical-workers-81267269649,"['williams', 'takes', 'coronavirus', 'cheer', 'atlanta', 'look', 'medical', 'getting', 'hospital', 'pandemic', 'live', 'heroes', 'love', 'workers', 'residents', 'support', 'msnbcs']",MSNBC's Brian Williams takes a look at some heroes of the coronavirus pandemic getting love and support from above.
"{'id': 'msnbc', 'name': 'MSNBC'}",2020-03-23T20:44:17Z,Democrats hold coronavirus stimulus over transparency and local funding,https://www.msnbc.com/deadline-white-house/watch/concerns-grow-about-how-to-protect-america-s-healthcare-workers-81455685633,"['continue', 'coronavirus', 'spike', 'healthcare', 'grow', 'americas', 'frontlines', 'protect', 'concerns', 'crisis', 'battle', 'grows', 'workers', 'cases']",The crisis grows for those on the frontlines of the coronavirus battle as cases continue to spike
"{'id': 'msnbc', 'name': 'MSNBC'}",2020-03-23T20:44:17Z,Democrats hold coronavirus stimulus over transparency and local funding,https://www.msnbc.com/katy-tur/watch/senate-minority-leader-schumer-americans-definitely-need-a-phase-four-coronavirus-bill-81500229933,"['cuomo', 'phase', 'coronavirus', 'governors', 'need', 'americans', 'bill', 'senate', 'definitely', 'leader', 'minority', 'schumer', 'charge', 'trump']",Cuomo: Governors are in charge because Trump put them in charge
"{'id': 'msnbc', 'name': 'MSNBC'}",2020-03-23T20:44:17Z,Democrats hold coronavirus stimulus over transparency and local funding,https://www.msnbc.com/all-in/watch/chris-hayes-the-pandemic-is-coming-for-every-state-81570373632,"['wrong', 'coming', 'governors', 'coronavirus', 'continue', 'state', 'theyre', 'going', 'pandemic', 'hit', 'act', 'chris', 'hard', 'hayes', 'republican']",Some Republican governors continue to act like coronavirus is not going to hit them hard. They’re wrong.
"{'id': 'msnbc', 'name': 'MSNBC'}",2020-03-23T20:44:17Z,Democrats hold coronavirus stimulus over transparency and local funding,https://www.msnbc.com/mtp-daily/watch/number-of-covid-19-cases-in-the-u-s-surpass-270-000-81613893896,"['crosses', 'coronavirus', 'surpass', 'united', 'number', '270000', 'states', 'inadequate', 'federal', 'covid19', 'cases', 'response', 'remains']","The number of coronavirus cases in the United States crosses 270,000 as the federal response remains inadequate."
"{'id': 'msnbc', 'name': 'MSNBC'}",2020-03-23T20:44:17Z,Democrats hold coronavirus stimulus over transparency and local funding,https://www.msnbc.com/msnbc/watch/what-can-you-do-if-coronavirus-impacts-your-travel-plans-80977989571,"['coronavirus', 'plans', 'upcoming', 'michelle', 'baran', 'impacts', 'impacted', 'travel', 'handle', 'best', 'outbreak', 'discusses']",Michelle Baran discusses how best to handle upcoming travel that may have been impacted by the coronavirus outbreak.
"{'id': 'msnbc', 'name': 'MSNBC'}",2020-03-23T20:44:17Z,Democrats hold coronavirus stimulus over transparency and local funding,https://www.msnbc.com/11th-hour/watch/wapo-intel-reports-warned-trump-admin-of-likely-pandemic-81048133643,"['cuomo', 'intel', 'admin', 'governors', 'reports', 'pandemic', 'likely', 'charge', 'wapo', 'warned', 'trump']",Cuomo: Governors are in charge because Trump put them in charge
"{'id': 'msnbc', 'name': 'MSNBC'}",2020-03-23T20:44:17Z,Democrats hold coronavirus stimulus over transparency and local funding,https://www.msnbc.com/msnbc/watch/san-francisco-shelter-in-place-in-effect-nbc-news-jacob-ward-reports-80931909668,"['coronavirus', 'shelterinplace', 'francisco', 'jacob', 'reports', 'san', 'effect', 'outbreak', 'ward', 'amid', 'nbc']",NBC News' Jacob Ward reports from San Francisco where he is under a shelter-in-place amid the coronavirus outbreak.
"{'id': 'msnbc', 'name': 'MSNBC'}",2020-03-23T20:44:17Z,Democrats hold coronavirus stimulus over transparency and local funding,http://www.msnbc.com/katy-tur/watch/fdny-commissioner-says-over-2-000-fdny-and-ems-members-out-sick-81709125885,"['york', 'sick', 'coronavirus', 'commissioner', 'daniel', '2000', 'tur', 'members', 'nigro', 'discuss', 'fdny', 'responders', 'joins', 'ems', 'katy']",FDNY Commissioner Daniel Nigro joins Katy Tur to discuss how the Coronavirus is affecting New York City’s first responders.
"{'id': 'msnbc', 'name': 'MSNBC'}",2020-03-23T20:44:17Z,Democrats hold coronavirus stimulus over transparency and local funding,https://www.msnbc.com/msnbc/watch/gov-cuomo-asks-federal-government-to-help-prevent-price-gouging-81075269970,"['cuomo', 'price', 'asks', 'press', 'gov', 'pandemic', 'ny', 'gouging', 'help', 'federal', 'prevent']","During a press conference, NY Gov. Cuomo asks the federal government to help prevent price gouging amid the coronavirus pandemic."
"{'id': 'msnbc', 'name': 'MSNBC'}",2020-03-23T20:44:17Z,Democrats hold coronavirus stimulus over transparency and local funding,https://www.msnbc.com/msnbc/watch/if-you-think-you-had-covid-19-how-long-should-you-self-isolate-81078341974,"['coronavirus', 'selfisolate', 'viewer', 'natalie', 'believe', 'azar', 'long', 'question', 'think', 'covid19', 'dr', 'youve']","Dr. Natalie Azar answers a viewer question: If you believe you've had coronavirus, how long should you self-isolate?"
"{'id': 'msnbc', 'name': 'MSNBC'}",2020-03-23T20:44:17Z,Democrats hold coronavirus stimulus over transparency and local funding,https://www.msnbc.com/mtp-daily/watch/will-maryland-consider-closing-the-eastern-shore-due-to-virus-concerns-80863301738,"['coronavirus', 'steps', 'virus', 'state', 'hogan', 'gov', 'closing', 'rise', 'concerns', 'larry', 'maryland', 'shore', 'numbers', 'eastern', 'consider', 'taking']",Gov. Larry Hogan on the steps Maryland is taking as coronavirus numbers continue to rise across the state.
"{'id': 'msnbc', 'name': 'MSNBC'}",2020-03-23T20:44:17Z,Democrats hold coronavirus stimulus over transparency and local funding,https://www.msnbc.com/11th-hour/watch/trump-is-still-shaking-hands-during-coronavirus-pandemic-80654917707,"['washing', 'coronavirus', 'press', 'hand', 'garden', 'hands', 'pandemic', 'rose', 'despite', 'warnings', 'shaking', 'trump']","Despite warnings about hand washing and avoiding contact with others, Trump was still shaking hands with people during his coronavirus press conference in the Rose Garden."
"{'id': 'msnbc', 'name': 'MSNBC'}",2020-03-23T20:44:17Z,Democrats hold coronavirus stimulus over transparency and local funding,http://www.msnbc.com/rachel-maddow/watch/seattle-mayor-shares-insights-on-responding-to-coronavirus-outbreak-80653893903,"['insights', 'coronavirus', 'offer', 'united', 'ramps', 'number', 'novel', 'responding', 'rachel', 'mayor', 'seattle', 'talks', 'states', 'outbreak', 'shares']","Seattle Mayor Jenny Durkan talks with Rachel Maddow about managing the first major American city to deal with an outbreak of the novel coronavirus, and what advice she can offer to other cities as the number of cases across the United States ramps up."
"{'id': 'msnbc', 'name': 'MSNBC'}",2020-03-23T20:44:17Z,Democrats hold coronavirus stimulus over transparency and local funding,http://www.msnbc.com/am-joy/watch/trump-admin-response-to-coronavirus-slammed-by-nyc-mayor-80667205646,"['york', 'coronavirus', 'admin', 'trump', 'slammed', 'mayor', 'tells', 'trumps', 'reid', 'weve', 'help', 'joy', 'response', 'nyc']","Donald Trump’s federal government response to the coronavirus is slammed by New York City Mayor Bill de Blasio, who tells Joy Reid, ‘We’ve been calling and begging for help.’"
"{'id': 'msnbc', 'name': 'MSNBC'}",2020-03-23T20:44:17Z,Democrats hold coronavirus stimulus over transparency and local funding,https://www.msnbc.com/all-in/watch/chris-hayes-on-the-lack-of-precedent-for-the-coronavirus-80738373884,"['coronavirus', 'hereis', 'lack', 'advantage', 'aim', 'collectively', 'mobilize', 'precedent', 'help', 'combat', 'chris', 'hayes', 'society']",Chris Hayes: “The one advantage we have here…is that we have something to collectively combat as a society to help us mobilize towards that aim.”
"{'id': 'msnbc', 'name': 'MSNBC'}",2020-03-23T20:44:17Z,Democrats hold coronavirus stimulus over transparency and local funding,https://www.msnbc.com/mtp-daily/watch/white-house-calls-for-trillion-dollar-coronavirus-package-80864837639,"['coronavirus', 'leigh', 'playing', 'calls', 'package', 'white', 'nbcs', 'houses', 'trilliondollar', 'house', 'discusses', 'hill']",NBC's Leigh Ann Caldwell discusses how the White House's call for a trillion-dollar coronavirus package is playing on Capitol Hill.
"{'id': 'msnbc', 'name': 'MSNBC'}",2020-03-23T20:44:17Z,Democrats hold coronavirus stimulus over transparency and local funding,https://www.msnbc.com/11th-hour/watch/trump-it-s-not-racist-to-call-coronavirus-the-chinese-virus-80950341970,"['coronavirus', 'racist', 'referring', 'virus', 'reacts', 'chinese', 'defending', 'phrase', 'ian', 'pandemic', 'president', 'repeated', 'trump']",The president is defending his repeated use of the phrase 'Chinese virus' when referring to the coronavirus pandemic. Ian Bremmer reacts.
"{'id': 'msnbc', 'name': 'MSNBC'}",2020-03-23T20:44:17Z,Democrats hold coronavirus stimulus over transparency and local funding,https://www.msnbc.com/am-joy/watch/coronavirus-bill-tackling-pandemic-discussed-by-sen-harris-81062981654,"['coronavirus', 'pushing', 'discussed', 'sen', 'working', 'tackling', 'targeting', 'need', 'bill', 'senate', 'pandemic', 'tells', 'reid', 'realization', 'harris']","The coronavirus bill in the U.S. Senate targeting the pandemic and its economic fallout is discussed by Sen. Kamala Harris who tells Joy Reid Senate Democrats are pushing for the realization that ‘working people need help, not big businesses.’"
"{'id': 'msnbc', 'name': 'MSNBC'}",2020-03-23T20:44:17Z,Democrats hold coronavirus stimulus over transparency and local funding,https://www.msnbc.com/all-in/watch/chris-hayes-republicans-are-misreading-our-choices-for-coronavirus-response-81118789736,"['right', 'coronavirus', 'economy', 'school', 'cost', 'misreading', 'choices', 'worth', 'growing', 'keeping', 'republicans', 'thought', 'chris', 'response', 'hayes']",Chris Hayes on the school of thought growing on the right that the benefit of keeping people alive is not worth the cost of the economy.
"{'id': 'msnbc', 'name': 'MSNBC'}",2020-03-23T20:44:17Z,Democrats hold coronavirus stimulus over transparency and local funding,https://www.msnbc.com/rachel-maddow/watch/safety-economics-and-harsh-reality-shape-coronavirus-response-80887877829,"['spread', 'coronavirus', 'shape', 'united', 'shaped', 'public', 'resources', 'safety', 'recommended', 'harsh', 'tom', 'talk', 'response', 'states', 'economics', 'reality']","Michael Bloomberg, former NYC mayor, and Dr. Tom Frieden, former CDC director, talk with Rachel Maddow about how decisions are made when public safety and public economics are in conflict, and how recommended best practices for curtailing the spread of the novel coronavirus in the United States are shaped by the realities of capabilities, resources and past mistakes."
"{'id': 'msnbc', 'name': 'MSNBC'}",2020-03-23T20:44:17Z,Democrats hold coronavirus stimulus over transparency and local funding,https://www.msnbc.com/the-beat-with-ari/watch/virus-scandal-senators-accused-of-profiting-off-coronavirus-info-81043013617,"['receiving', 'profiting', 'coronavirus', 'accused', 'virus', 'united', 'prevent', 'scandal', 'senator', 'stock', 'senators', 'selling', 'info', 'trading', 'states', 'reported']","Two United States Senators are accused of selling millions in stock after receiving information on the coronavirus. Senator Kirsten Gillibrand, an author of the 2012 Stock Act to prevent insider trading in Congress, joins MSNBC’s Ari Melber to discuss the reported misconduct from her colleagues on Capitol Hill."
"{'id': 'msnbc', 'name': 'MSNBC'}",2020-03-23T20:44:17Z,Democrats hold coronavirus stimulus over transparency and local funding,https://www.msnbc.com/the-last-word/watch/ezra-klein-trump-s-economic-view-of-coronavirus-a-false-choice-81168965561,"['tell', 'coronavirus', 'economic', 'vox', 'understand', 'view', 'choice', 'war', 'pandemic', 'tells', 'president', 'trumps', 'klein', 'ezra', 'recession', 'trump', 'false']","Ezra Klein, co-founder of Vox, tells Lawrence O'Donnell that President Trump fails to understand the enormity of the economic consequences of the coronavirus pandemic. Ezra says economists tell him this is ""what happens if you mix a recession, a financial crisis, a natural disaster and a war."""
"{'id': 'msnbc', 'name': 'MSNBC'}",2020-03-23T20:44:17Z,Democrats hold coronavirus stimulus over transparency and local funding,https://www.msnbc.com/mtp-daily/watch/hospitals-scramble-to-expand-capacity-as-coronavirus-cases-spike-81159237522,"['coronavirus', 'spike', 'overwhelming', 'social', 'ranney', 'hospitals', 'measures', 'importance', 'distancing', 'scramble', 'expand', 'megan', 'capacity', 'discusses', 'cases', 'dr']",Dr. Megan Ranney discusses the importance of social distancing measures and the dangers of overwhelming hospitals.
"{'id': 'msnbc', 'name': 'MSNBC'}",2020-03-23T20:44:17Z,Democrats hold coronavirus stimulus over transparency and local funding,https://www.msnbc.com/rachel-maddow/watch/mardis-gras-coronavirus-make-perfect-storm-crisis-in-louisiana-81168453544,"['spread', 'gras', 'louisiana', 'coronavirus', 'perfect', 'rebekah', 'overwhelm', 'mardi', 'resources', 'threatens', 'rachel', 'crisis', 'skyrocketing', 'talks', 'services', 'storm', 'staffing']","Dr. Rebekah Gee, CEO of LSU Healthcare Services, talks with Rachel Maddow about how the skyrocketing spread of the coronavirus in Louisiana threatens to overwhelm hospital resources there, not just the bed capacity but the staffing resources as well."
"{'id': 'msnbc', 'name': 'MSNBC'}",2020-03-23T20:44:17Z,Democrats hold coronavirus stimulus over transparency and local funding,https://www.msnbc.com/11th-hour/watch/parker-trump-incredibly-frustrated-coronavirus-has-economy-shut-down-81169477588,"['coronavirus', 'economy', 'having', 'post', 'washington', 'parker', 'shut', 'frustrated', 'white', 'incredibly', 'effects', 'inside', 'frustrations', 'house', 'trump']",Ashley Parker of The Washington Post discusses the frustrations inside the Trump White House over the effects the coronavirus is having on the economy.
"{'id': 'msnbc', 'name': 'MSNBC'}",2020-03-23T20:44:17Z,Democrats hold coronavirus stimulus over transparency and local funding,https://www.msnbc.com/the-last-word/watch/gov-whitmer-on-coronavirus-surge-it-s-a-dire-situation-81222725527,"['coronavirus', 'start', 'overwhelm', 'need', 'surge', 'situation', 'gov', 'protect', 'medical', 'patients', 'dire', 'talks', 'whitmer', 'odonnell', 'professionals']","As coronavirus cases start to overwhelm hospitals across the country, Gov. Gretchen Whitmer (D-MI) talks to Lawrence O’Donnell about what they need to help patients and to protect medical professionals."
"{'id': 'msnbc', 'name': 'MSNBC'}",2020-03-23T20:44:17Z,Democrats hold coronavirus stimulus over transparency and local funding,https://www.msnbc.com/msnbc/watch/worldwide-coronavirus-cases-soar-led-by-italy-and-spain-81364549919,"['coronavirus', 'heads', 'spain', 'number', 'soar', 'reports', 'london', 'mark', 'million', 'led', 'nbc', 'covid19', 'cases', 'worldwide', 'italy']",The worldwide number of COVID-19 cases heads toward the million mark. NBC News' Ali Arouzi reports from London.
"{'id': 'msnbc', 'name': 'MSNBC'}",2020-03-23T20:44:17Z,Democrats hold coronavirus stimulus over transparency and local funding,https://www.msnbc.com/msnbc/watch/new-white-house-model-projects-100k-200k-deaths-from-coronavirus-81462341818,"['coronavirus', 'social', 'force', 'task', 'intervention', 'model', 'deaths', 'measures', 'white', 'million', 'followed', 'house', '100k', 'projects', '200k', 'regulations']","During the White House coronavirus task force briefing, Dr. Deborah Birx broke down the estimated deaths in the U.S. from COVID-19 if the federal social distancing regulations are followed through April 30. She said 1.5 to 2.2 million Americans could've died without intervention measures, but still says 100,000 to 240,000 could die."
"{'id': 'msnbc', 'name': 'MSNBC'}",2020-03-23T20:44:17Z,Democrats hold coronavirus stimulus over transparency and local funding,https://www.msnbc.com/11th-hour/watch/the-post-coronavirus-economy-is-abnormal-the-new-normal-81264197928,"['normal', 'postcoronavirus', 'economy', 'used', 'unemployment', 'surging', 'radically', 'abnormal', 'talk', 'million', 'numbers', 'stein', 'reality', 'sam']","With unemployment numbers surging to a historic 3.28 million, is the economic reality after the coronavirus going to be radically different than what Americans are used to? We talk to Sam Stein."
"{'id': 'msnbc', 'name': 'MSNBC'}",2020-03-23T20:44:17Z,Democrats hold coronavirus stimulus over transparency and local funding,https://www.msnbc.com/msnbc/watch/pompeo-praises-efforts-to-bring-americans-home-amid-coronavirus-outbreak-81432133996,"['return', 'coronavirus', 'praises', 'state', 'secretary', 'praised', 'americans', 'pandemic', 'amid', 'abroad', 'mike', 'pompeo', 'bring', 'outbreak', 'efforts', 'plan']",Secretary of State Mike Pompeo praised the State Department's efforts to get Americans abroad back home amid the coronavirus pandemic and advised those still abroad to plan to return.
"{'id': 'msnbc', 'name': 'MSNBC'}",2020-03-23T20:44:17Z,Democrats hold coronavirus stimulus over transparency and local funding,https://www.msnbc.com/katy-tur/watch/medical-student-warns-young-people-about-seriousness-of-coronavirus-81501253680,"['coronavirus', 'warns', 'student', 'david', 'medical', 'warning', 'vega', 'seriousness', 'dire', 'think', 'thought', 'young', 'invincible']","Medical student David Vega has beaten Coronavirus, and he has a dire warning for anyone who might think they are invincible - because at first he thought he was too."
"{'id': 'msnbc', 'name': 'MSNBC'}",2020-03-23T20:44:17Z,Democrats hold coronavirus stimulus over transparency and local funding,https://www.msnbc.com/am-joy/watch/coronavirus-pandemic-in-new-york-city-detailed-by-mayor-de-blasio-81646661811,"['york', 'coronavirus', 'telling', 'city', 'start', 'surpass', 'war', 'pandemic', 'detailed', 'mayor', 'reid', 'outbreak', 'blasio']","New York City Mayor Bill de Blasio discusses the coronavirus outbreak in his city, as deaths from the pandemic start to surpass 2,000, telling Joy Reid, 'this is like the equivalent of being in a war.'"
"{'id': 'msnbc', 'name': 'MSNBC'}",2020-03-23T20:44:17Z,Democrats hold coronavirus stimulus over transparency and local funding,https://www.msnbc.com/stephanie-ruhle/watch/nurse-on-treating-coronavirus-patients-in-pandemic-81538117854,"['coronavirus', 'watch', 'ruhle', 'maureen', 'treating', 'nurse', 'trying', 'pandemic', 'patients', 'safe', 'speak', 'stephanie']",Watch Stephanie Ruhle speak with nurse Maureen Biddinger-Grisius about her experience in treating coronavirus patients while also trying to keep herself and her family safe.
"{'id': 'msnbc', 'name': 'MSNBC'}",2020-03-23T20:44:17Z,Democrats hold coronavirus stimulus over transparency and local funding,https://www.msnbc.com/all-in/watch/the-terrifying-trend-of-coronavirus-in-nursing-homes-81623109908,"['york', 'coronavirus', 'sarlin', 'trend', 'father', 'contracted', 'nursing', 'homes', 'tells', 'editor', 'terrifying', 'nbc', 'benjy']",NBC News editor Benjy Sarlin tells the story of how his father contracted coronavirus in a nursing home in New York.
"{'id': 'msnbc', 'name': 'MSNBC'}",2020-03-23T20:44:17Z,Democrats hold coronavirus stimulus over transparency and local funding,http://www.msnbc.com/stephanie-ruhle/watch/stephanie-ruhle-interviews-sen-mark-rubio-amid-coronavirus-pandemic-81590853988,"['interviews', 'coronavirus', 'protection', 'ruhle', 'state', 'sen', 'program', 'senator', 'florida', 'pandemic', 'amid', 'paycheck', 'marco', 'report', 'rubio', 'stephanie']","Florida Senator Marco Rubio joins Stephanie Ruhle to discuss the Paycheck Protection Program, the March jobs report, and how the state of Florida is handling coronavirus."
"{'id': 'msnbc', 'name': 'MSNBC'}",2020-03-23T20:44:17Z,Democrats hold coronavirus stimulus over transparency and local funding,https://www.msnbc.com/msnbc/watch/gov-cuomo-suggests-possible-flattening-of-new-york-coronavirus-curve-81696837663,"['york', 'cuomo', 'coronavirus', 'key', 'state', 'curve', 'gov', 'flattening', 'possible', 'pandemic', 'office', 'governor', 'suggests', 'question', 'plateaued', 'peaked']",New York Governor Andrew Cuomo says the key question his office is considering is whether the state will have a peaked or plateaued curve during coronavirus pandemic.
"{'id': 'msnbc', 'name': 'MSNBC'}",2020-03-23T20:44:17Z,Democrats hold coronavirus stimulus over transparency and local funding,https://www.msnbc.com/weekends-with-alex-witt/watch/coronavirus-outbreak-forces-vatican-to-change-holy-week-traditions-81655877822,"['usual', 'coronavirus', 'pope', 'francis', 'traditions', 'crowded', 'forces', 'masses', 'vatican', 'week', 'reports', 'palm', 'matt', 'change', 'outbreak', 'holy', 'officiants']",Matt Bradley reports from the Vatican on how Pope Francis and other officiants are celebrating Palm Sunday without the usual crowded masses.
"{'id': 'msnbc', 'name': 'MSNBC'}",2020-03-23T20:44:17Z,Democrats hold coronavirus stimulus over transparency and local funding,http://www.msnbc.com/am-joy/watch/coronavirus-testing-increases-needed-to-end-pandemic-reps-say-81660997712,"['say', 'coronavirus', 'tell', 'swalwell', 'washington', 'end', 'rep', 'needed', 'pandemic', 'increases', 'reid', 'test', 'states', 'testing', 'joy', 'reps', 'trump']",Coronavirus testing will be critical to bringing the pandemic under control congressman from the highly-impacted states of Washington and California tell Joy Reid. How can the Trump administration use it's authority to increase the production of test kits and more? Rep. Adam Smith (D-WA) and Rep. Eric Swalwell (D-CA) join Joy Reid to discuss.
"{'id': 'msnbc', 'name': 'MSNBC'}",2020-03-23T20:44:17Z,Democrats hold coronavirus stimulus over transparency and local funding,https://www.msnbc.com/11th-hour/watch/who-s-running-uk-after-pm-boris-johnson-hospitalized-with-coronavirus-81720901567,"['unit', 'hospitalized', 'coronavirus', 'uk', 'united', 'minister', 'kingdom', 'whos', 'running', 'boris', 'richard', 'foreign', 'intensive', 'nbc', 'johnson', 'prime']","With British Prime Minister Boris Johnson in an intensive care unit days after being diagnosed with COVID-19, who is currently in charge of the United Kingdom? We discuss with NBC News Chief Foreign Correspondent Richard Engel."
"{'id': 'msnbc', 'name': 'MSNBC'}",2020-03-23T20:44:17Z,Democrats hold coronavirus stimulus over transparency and local funding,https://www.msnbc.com/craig-melvin/watch/bethenny-frankel-raises-over-17m-for-coronavirus-relief-ppe-81840197518,"['frankel', 'coronavirus', 'bethenny', '17m', 'raises', 'millions', 'melvin', 'medical', 'ppe', 'raised', 'provided', 'philanthropist', 'thousands', 'relief', 'workers']","Entrepreneur & philanthropist Bethenny Frankel joins Craig Melvin to discuss her BStrong initiative, which has raised millions for coronavirus relief and provided thousands masks and other PPE for medical workers."
"{'id': 'msnbc', 'name': 'MSNBC'}",2020-03-23T20:44:17Z,Democrats hold coronavirus stimulus over transparency and local funding,https://www.msnbc.com/stephanie-ruhle/watch/how-san-francisco-got-a-jump-start-against-coronavirus-81737797671,"['coronavirus', 'rest', 'start', 'ruhle', 'francisco', 'jump', 'san', 'university', 'led', 'stephanie', 'learn', 'sam']","San Francisco seemed to get a jump start against coronavirus. So what did those who led the effort there know that the rest of the country didn't? Stephanie Ruhle is joined by University of California San Francisco Chancellor Sam Hawgood, to learn just how he helped lead the charge."
"{'id': 'msnbc', 'name': 'MSNBC'}",2020-03-23T20:44:17Z,Democrats hold coronavirus stimulus over transparency and local funding,https://www.msnbc.com/andrea-mitchell-reports/watch/public-health-expert-weighs-in-on-possible-coronavirus-treatments-81195589536,"['coronavirus', 'therapeutic', 'researchers', 'treatments', 'weighs', 'vice', 'joshua', 'public', 'practice', 'mitchell', 'possible', 'health', 'looking', 'sharfstein', 'expert']","Dr. Joshua Sharfstein, Vice Dean for Public Health Practice at Johns Hopkins, joins Andrea Mitchell to discuss what researchers are looking into domestically and abroad as experimental therapeutic treatments for coronavirus."
"{'id': 'msnbc', 'name': 'MSNBC'}",2020-03-23T20:44:17Z,Democrats hold coronavirus stimulus over transparency and local funding,http://www.msnbc.com/morning-joe/watch/trump-campaign-threatens-legal-action-of-coronavirus-ad-81229893822,"['legal', 'coronavirus', 'action', 'trump', 'ad', 'threatens', 'stations', 'threatening', 'reelection', 'states', 'priorities', 'usa', 'presidents', 'campaign', 'television']",The president's re-election campaign is threatening legal action against television stations in key battleground states if they continue to air a Priorities USA ad alleging Trump called the coronavirus a hoax. Guy Cecil of Priorities USA discusses.
"{'id': 'msnbc', 'name': 'MSNBC'}",2020-03-23T20:44:17Z,Democrats hold coronavirus stimulus over transparency and local funding,https://www.msnbc.com/msnbc/watch/democrats-hold-coronavirus-stimulus-over-transparency-and-local-funding-81110597798,"['coronavirus', 'haake', 'latest', 'republicans', 'standoff', 'stimulus', 'funding', 'hold', 'nbcs', 'package', 'garrett', 'details', 'democrats', 'transparency', 'hill', 'local']",NBC's Garrett Haake brings the latest from Capitol Hill and the details of the standoff between Democrats and Republicans over the coronavirus stimulus package.
